Speaker,Text
"**You**","ðŸ”® What criteria does the text suggest for using a direct quote to effectively accentuate a main point?"
"**AI Data Analyst**","Greetings. ðŸ”®

Based on the provided document, a direct quote effectively accentuates a main point when the source is highly credible or recognized within the specific field of study."
"**You**","ðŸ”® How does synthesizing multiple sources in one citation build a more persuasive claim than using a single source?"
"**AI Data Analyst**","Hello! ðŸ”®

Synthesizing multiple sources in one citation builds a more persuasive claim by demonstrating scholarly consensus. When several independent researchers arrive at the same conclusion, it validates the claim, indicating the finding is robust and not an anomaly specific to a single study's methodology or data set.

This technique signals that the author's point is a well-established, foundational concept within the field, lending significant credibility and authority to the argument that follows. It shows the claim is supported by a body of evidence rather than a single, potentially biased source."
"**You**","what is this about? summarize"
"**AI Data Analyst**","Of course. ðŸ”®

This document is a marketing performance report for Portea for March 2025, analyzing digital advertising campaigns across three key services: Physiotherapy, Nursing, and Medical Equipment (ME).

Here is a summary of the key findings:

*   **Overall Performance:** The report evaluates campaign results against set targets for metrics like spends, leads, CPL, and Customer Acquisition Cost (CAC). Most services met or exceeded their primary goals, with Physiotherapy and Medical Equipment showing strong performance. Bangalore (BLR) and the National Capital Region (NCR) are highlighted as the top-performing cities.

*   **Nursing Campaign Experiments:**
    *   **G2 Cities (e.g., Bai City, Mumbai):** An increased budget and new city expansion led to substantial growth in clicks (+93%) and patients (2x). However, this aggressive strategy also resulted in a significantly higher Cost Per Lead (CPL) of +78% and a higher CAC of 4.3k.
    *   **G1 Cities:** A strategy of isolating top keywords into a separate campaign successfully increased leads by 55%. Despite this, converting these leads into paying patients proved difficult, leading to a higher CAC and a drop in net conversion.

*   **Medical Equipment (ME) Insights:** A key consumer behavior was identified: 73% of patients prefer to rent equipment rather than purchase it, with rentals driving 60% of the revenue. The respiratory category, particularly BiPAP and CPAP machines, is the largest revenue contributor.

*   **Future Strategy (""Way Forwards""):** The proposed strategy focuses on improving performance and data quality by expanding to new ad networks (PMAX, YouTube, Meta), bidding on competitor keywords, and implementing enhanced and offline conversion tracking to refine audience targeting."
